unit_id,structure,g_osi_dg_est,g_dsi_dg_est,latency_dg_est
951082753,SCig,0.9360389126851486,,0.48722170694964007
951082755,SCig,0.970724180749862,,0.08156384890935442
951083991,SCig,1.0,,0.7985572290472192
951082761,SCig,0.950949982797656,,0.45360029478797514
951082759,SCig,0.9924752147538033,,0.10805789115966036
951082764,SCig,0.9781455521678982,,0.01144134697779009
951082786,SCig,0.922959859042345,,0.6076676053412484
951082795,SCig,0.9849762890644636,,0.06319135187368374
951082791,SCig,0.91688019068887,,0.16505738791715885
951082798,SCig,0.9743116987643988,,0.0458199163235804
951082817,SCig,0.29289321881345254,,1.681804565596849
951082815,SCig,0.9765202063440442,,0.15326000887853297
951082828,SCig,0.977665368489055,,0.01517109992028054
951082838,SCig,0.9109756975774035,,0.4902702915592272
951082836,SCig,0.9277641156482299,,0.5090278726675024
951082833,SCig,0.9823311445758836,,0.014108544692135183
951084192,SCig,0.9478009033001862,,0.39197277559287613
951084005,SCig,0.9581859523067658,,0.6601452759932727
951082847,SCig,0.968096056082143,,0.1276655605824999
951084001,SCig,0.9163625076346387,,0.5614294198867356
951082841,SCig,0.9787705887565203,,0.4420754479892821
951084009,MB,0.9545454545454545,,0.9490796980944651
951082860,MB,0.9762105354678913,,0.07255635616593281
951082853,SCig,0.9669503916596718,,0.07899007482774323
951082863,NOT,0.8959619752778871,,0.060466115612598514
951082877,MB,0.9389906041879779,,0.03574040247258381
951082871,MB,0.9602717234154576,,0.09377809610168697
951082869,MB,0.9383664022533769,,0.06591672462127462
951082867,MB,0.9748288184161302,,0.027962252495171924
951082865,MB,0.9709038704327678,,0.02209010114756893
951082875,NOT,0.8500817388978363,,0.22864601245009908
951084013,NOT,0.9175374489102954,,0.14760116920706423
951082888,NOT,0.8441284045959448,,0.8675939465192641
951082917,SUB,0.9757192789011123,,0.4473101347539341
951082922,SUB,0.975674787229474,,0.950493888852634
951082928,SUB,0.9805794685507366,,0.1581214283924055
951082952,ProS,0.9982158633561549,,0.08459726837782
951082944,ProS,0.9962888820638008,,0.06667991945141694
951082975,ProS,0.9858999618027721,,0.09838121989423598
951082972,ProS,0.9834220717666283,,0.06166428417850511
951082970,ProS,0.9935618563617926,,0.024957131189694337
951082984,ProS,0.9883393038013141,,0.0839963090911624
951082981,ProS,0.9800857049729409,,0.03739670679806295
951084219,ProS,0.9528595479208968,,0.9893796836140609
951084041,ProS,0.9528174853468503,,0.8447469653062853
951084032,ProS,0.8952380952380953,,0.9434284171293257
951084029,ProS,0.9901448892947472,,0.20276154289695114
951082995,ProS,0.9129005523322156,,0.6050593652989846
951082992,ProS,0.7642977396044841,,0.8989689016143529
951082990,ProS,0.9559037658251459,,0.1707648003871327
951084036,ProS,0.9492715426461573,,0.6092250599979252
951083002,ProS,0.9752554695377033,,0.0781490217514147
951082997,ProS,0.9867008163181444,,0.09606210576930607
951082987,ProS,0.9688878841558626,,0.12324483876523118
951083011,ProS,0.9849052597485218,,0.06450078485295307
951083009,ProS,0.9713461727563683,,0.2776631765327693
951083027,ProS,0.9904631327086716,,0.11422180278259475
951083025,ProS,0.973487225236504,,0.20220110192531138
951083020,ProS,0.980400701792581,,0.07750525507981365
951083018,ProS,0.9693191305827767,,0.15830033237944008
951083050,ProS,0.9898524995408511,,0.11814812598640856
951083045,ProS,0.9709019845517395,,0.13441444938644054
951083043,ProS,0.9460845148938594,,0.23893203642091976
951083068,CA1,0.8733162853765767,,0.8044280731019171
951084195,ProS,0.9832830687521485,,0.3328670972487089
951084044,ProS,0.8991489816894086,,0.6127432154999042
951083071,ProS,0.9962049110010163,,0.2741132542607829
951083060,ProS,0.9361845306599212,,0.6158539293573995
951083053,ProS,0.9888960637235089,,0.04961836070174286
951083086,CA1,0.9656110862634087,,0.1404538868059717
951083082,CA1,0.9980445970441699,,0.11871110825995856
951083078,CA1,0.8304189259843844,,0.929644788629048
951083073,CA1,0.9106888203797754,,0.5892453273791034
951083109,CA1,0.9770158408996528,,0.06015432013919053
951084046,CA1,0.9941393556682769,,0.27435421137488447
951083118,CA1,0.9731589091211522,,0.17341069389931363
951083112,CA1,0.9893475891864585,,0.09764187956443493
951083107,CA1,0.9326296994481269,,0.4156370012919979
951083105,CA1,0.9946949795504343,,0.10559117217121639
951083102,CA1,0.984946008915617,,0.15389109494435615
951083098,CA1,0.9924788292344179,,0.2050869358786258
951083095,CA1,0.9696376477869406,,0.15007496382895624
951083093,CA1,0.9800602465096342,,0.1221903269233735
951083075,CA1,0.9910740423340024,,0.2419741760429588
951083131,CA1,0.9888956161730349,,0.06542429364412783
951083129,CA1,0.9845940949485883,,0.19502385249825238
951083126,CA1,0.9681295874118837,,0.08947178670314315
951083122,CA1,0.9806245662092931,,0.13495714966757077
951083116,CA1,0.9948390252649729,,0.17028764821861841
951083114,CA1,0.9874602102826275,,0.040738972002372975
951083159,CA1,0.8851425449052412,,0.7856217212056436
951083157,CA1,0.9749611642024861,,0.33414094734916944
951084051,CA1,0.9708524906091728,,0.5193896144410246
951083155,CA1,0.9044103922625624,,0.2323953867480668
951083152,CA1,0.8785218355240562,,1.1078896066419475
951083150,CA1,0.9541955676531784,,0.363352277796821
951083147,CA1,0.9895332547435828,,0.16318251548409535
951083143,CA1,0.9959776317080349,,0.08910528271917428
951083141,CA1,0.9484927128555111,,0.07695644574459948
951083134,CA1,0.9066543055907574,,0.926055885023743
951084062,CA1,0.9849030262713419,,0.37018733077502475
951084054,CA1,0.9558101972889052,,0.2959251389856945
951083191,CA1,0.992715244530108,,0.11991600685360027
951083169,CA1,0.9319371727748692,,0.7846269399974517
951083164,CA1,0.953125366276746,,0.6365399953685937
951083200,CA1,0.9565002379178359,,0.32191235578829946
951084198,CA1,0.9637795647047831,,0.1745815445910921
951083203,CA1,0.9541484413499006,,0.7114766747415615
951083195,CA1,0.9848848873545625,,0.17340229263686524
951083186,CA1,0.9806586431356424,,0.22106044030010708
951083181,CA1,0.9795144952255093,,0.18376898373435324
951083178,CA1,0.9735019651684955,,0.11794848059253127
951083176,CA1,0.9619220658028508,,0.20916067684720474
951083173,CA1,0.9385611658135051,,0.1440294899903165
951083162,CA1,0.9933376719864874,,0.07434769722544843
951083225,CA1,0.9944220696453772,,0.13418026636009017
951083219,CA1,0.9741587864417479,,0.148900358116407
951083215,CA1,0.9783954687394784,,0.07472969373111482
951083212,CA1,0.988401183421083,,0.07293156721880223
951083210,CA1,0.9494540466211496,,0.8022615825316279
951083206,CA1,0.9793530578048104,,0.030504003093710708
951084070,CA1,0.9826694069996965,,0.3302417454995066
951084068,CA1,0.9739784456055993,,0.13056670965033845
951083241,CA1,0.9929461577996852,,0.3020387702649714
951083234,CA1,0.8895581130370063,,0.8757699427878833
951083231,CA1,0.9709205619206294,,0.15104453404956075
951083228,CA1,0.9814153572032536,,0.27423969292703987
951084221,CA1,0.9575954615142578,,0.7681489767128369
951083300,CA1,0.9855396389641368,,0.04882770696622174
951083272,CA1,0.944246737841044,,0.6010705738581237
951083263,CA1,0.9400865350862468,,0.603549182853385
951083256,CA1,0.9740598551955165,,0.1633085135767942
951083252,CA1,0.9966388430358809,,0.08671849880101945
951083248,CA1,0.990511725632005,,0.09062163285307179
951084073,CA1,0.9906232086801436,,0.16073157759092283
951083245,CA1,0.9996679679997472,,0.019273375542752547
951083288,CA1,0.9874984805275708,,0.41434000334083976
951083285,CA1,0.9896242783671815,,0.15630125810184836
951083283,CA1,0.9714302493664604,,0.045872085305290966
951083281,CA1,0.9805431542263232,,0.029378591338172555
951083278,CA1,0.9842148219463521,,0.08700337421146287
951083316,CA1,0.9486098324716822,,0.13375085823827249
951083312,CA1,0.9387771283794979,,0.38947359609665
951083309,CA1,0.9876669347606227,,0.2892323025216683
951083297,CA1,0.9673491131443956,,0.06727226822795274
951083292,CA1,0.9652780836248854,,0.2511722549897968
951083333,CA1,0.9252506385611925,,0.3439799983445937
951083329,CA1,0.9706028507734449,,0.11145349285880002
951083326,CA1,0.9798034661761602,,0.0634732677667671
951083323,CA1,0.9888253550047922,,0.5529941303650503
951083319,CA1,0.9903383767412984,,0.1048543081774369
951083357,CA1,0.9818022681231356,,0.2486725907942855
951083354,CA1,0.9746865892879398,,0.3408407959259421
951083349,CA1,0.9725503186676739,,0.09387656895682994
951083339,CA1,0.9576415463534028,,0.249746385146409
951084075,CA1,0.9589620208885057,,0.2720587966537096
951083383,CA1,0.9832550336792739,,0.16249617574112563
951083379,CA1,0.9591812582495797,,0.11822255100241819
951083375,CA1,0.9460592296772985,,0.6970834240751174
951083343,CA1,0.9745619250797705,,0.08794317266483631
951083368,CA1,0.979331452441191,,0.1815811560632028
951083361,CA1,0.9795071957532415,,0.10061650314173676
951083401,CA1,0.9681467844574465,,0.03887070591099473
951083386,CA1,0.9135941571980986,,0.799127705050978
951083371,CA1,0.9671407082601512,,0.07788075610415035
951083397,CA1,0.9567180224378432,,0.12878229675925468
951083393,CA1,0.9973659906930116,,0.0475646983986735
951084078,CA1,0.9678587826733387,,1.1166529655197337
951083411,CA1,0.9583985729527359,,0.22705358953999166
951083408,CA1,0.9313762568772688,,0.08513219776114056
951083424,CA1,0.9617493159754785,,0.09750489910766191
951083456,VISam,0.9515970810316683,,0.24299223492835154
951083449,VISam,0.93089847576473,,0.08725723842871957
951084081,VISam,0.9538298510761256,,0.06086503718552194
951083467,VISam,0.923284739944686,,0.17784515643984378
951083462,VISam,0.9742514634660945,,0.052854317156288744
951083479,VISam,0.9839431541401723,,0.2012341646823188
951083476,VISam,0.3111305252776745,,0.26535697234385225
951083507,VISam,0.6912895563495902,,0.132996741345778
951083504,VISam,0.40361738604967523,,0.22724432017753315
951084085,VISam,0.9392293596395076,,0.6287660672801394
951083498,VISam,0.9607707372368458,,0.7482196229234432
951083495,VISam,0.9867892777531382,,0.3432269366271612
951083488,VISam,0.7579513516729416,,0.1761011284875167
951083513,VISam,0.7342438829207145,,0.6574062264126042
951084201,VISam,0.8920518213592425,,0.8109839449552965
951084101,VISam,0.8082056194667528,,0.8010298970680196
951084094,VISam,0.9122085713697752,,0.8083626312982233
951084091,VISam,0.7670504131888658,,0.7503476960987427
951083519,VISam,0.8055177087696553,,1.051968027829389
951083517,VISam,0.8226084712279428,,0.3342318138320479
951083529,VISam,0.7230059879579747,,0.1511193218752851
951083526,VISam,0.7878642738872899,,0.8446429822988648
951083555,VISam,0.7903730876809768,,0.5475758975894678
951083551,VISam,0.7479326224977494,,0.9580537434474081
951083549,VISam,0.890049142033799,,0.4016006839947295
951083544,VISam,0.8702472693243775,,0.57166284417508
951083542,VISam,0.9316961715616539,,0.09323066671527158
951083534,VISam,0.940190453495003,,0.07286780143931537
951084105,VISam,0.8177241128719497,,0.2437650180027049
951083568,VISam,0.9454371888200228,,0.07263655896440468
951083566,VISam,0.6845507655907106,,0.6381309035659797
951083559,VISam,0.43106848533620334,,0.12287361993958257
951083582,VISam,0.9522300567878734,,0.8868532253738977
951083575,VISam,0.9062139683777451,,0.4507424743305819
951083573,VISam,0.9049920484392022,,0.031350700987786695
951083562,VISam,0.8637597839842888,,0.14489548946130526
951083588,VISam,0.7550114754470533,,0.7956392057540143
951084107,VISam,0.8570868507696786,,0.6830478150914132
951083607,VISam,0.9504392573725458,,0.08379247654852406
951083605,VISam,0.8737216179084524,,0.5097619404195939
951083597,VISam,0.8397596108753336,,0.10148218885387905
951083621,VISam,0.6581341010164412,,0.09096591403113052
951083618,VISam,0.8162263071931596,,0.8609021859581389
951083614,VISam,0.6591555401642339,,0.7138843313250618
951083627,VISam,0.8161151689560646,,0.46165574240421847
951083623,VISam,0.9627921986577586,,0.021419674255866994
951084232,VISam,0.411627346192595,,0.43331521482195967
951084116,VISam,0.48374013109404146,,0.31502235959032987
951084112,VISam,0.480843572105099,,0.3227619227877767
951083644,VISam,0.8078968888623473,,0.07282125655137861
951083641,VISam,0.4806707111864299,,0.5919734407348187
951083633,VISam,0.5518361125049378,,0.08208814609133697
951083630,VISam,0.6573461042313847,,0.5479564621741702
951083664,VISam,0.48551909739675014,,0.4443091327007096
951083659,VISam,0.8827918580330388,,0.10511082459379395
951083657,VISam,0.34226320038485714,,0.20379444666014024
951084123,VISam,0.4413389373501151,,0.6606888761434675
951084120,VISam,0.9772918050650047,,0.07207488843687315
951083653,VISam,0.4621939084467266,,0.07647124060895294
951083649,VISam,0.9512882613339179,,0.2891945189321632
951083647,VISam,0.9660098424806727,,0.06661742735082044
951084126,VISam,0.9130939040400995,,0.11325485294946702
951083673,VISam,0.9842552346049608,,0.5665420627256026
951083670,VISam,0.9708511490353912,,0.040624123968200365
951083667,VISam,0.7687299610771501,,0.04989954783422945
951083683,VISam,0.8941748881919832,,0.04800367704456221
951083681,VISam,0.9809505283971003,,0.058886625238756096
951083676,VISam,0.769411435021456,,0.0782449707876367
951084134,VISam,0.7203483584183699,,0.9282211096606261
951084130,VISam,0.949102762050962,,0.1754244354981438
951083700,VISam,0.683100440497538,,1.0011556937843125
951083696,VISam,0.9753878283291143,,0.061831844594962604
951083690,VISam,0.819062142921758,,0.11906788953410796
951084136,VISam,0.8825978863594359,,0.1994176827154206
951083686,VISam,0.4836467282499026,,0.1469704475771323
951083720,VISam,0.3170061442515728,,0.16981863943215103
951083712,VISam,0.8941375631476314,,0.14015991764858882
951083709,VISam,0.8813038265891032,,0.3733577324928774
951083703,VISam,0.8867848269901479,,0.2613099741665792
951083771,VISam,0.8703637567824662,,0.13659329081042415
951083733,VISam,0.36906040945734686,,0.18529868306268327
951083730,VISam,0.9652654620748742,,0.036304221294358285
951084139,VISam,0.7216303594500508,,0.6423005255360295
951083727,VISam,0.8816447562418888,,0.7535240798879386
951083723,VISam,0.6103578570294308,,0.12942474696183126
951084143,VISam,0.5766230268844756,,0.6700642780797352
951083750,VISam,0.5407819547777909,,0.20240159654440504
951083747,VISam,0.737134665547865,,0.4182996408890176
951083743,VISam,0.8800825306340092,,0.3833929499264741
951083740,VISam,0.7803147051776811,,0.3066142655807198
951083784,VISam,0.9254673340934447,,0.492556356008663
951083778,VISam,0.715535922815308,,0.3312190124111112
951083775,VISam,0.8558857702922231,,0.34326471531221614
951083764,VISam,0.7428830662525301,,0.45362667802032774
951083760,VISam,0.8808025975786862,,0.06328925449406597
951083758,VISam,0.30259983598351703,,0.27775583180687136
951083801,VISam,0.7750602794202464,,0.24971856182310148
951083797,VISam,0.8841594682015681,,0.29818605128002673
951084205,VISam,0.9037189528142281,,0.3898232417004692
951084156,VISam,0.7564478262917836,,0.509204828003476
951084147,VISam,0.8560023919028945,,0.689200638211787
951083791,VISam,0.819175966975516,,0.6333589551550176
951083789,VISam,0.5353559350131638,,0.4957397282698821
951083769,VISam,0.9475864907022045,,0.5896521687554923
951083807,VISam,0.8935621650475363,,0.5680046250017767
951083804,VISam,0.9868901365949474,,0.08169607172612814
951083831,VISam,0.9687541736879682,,0.3021086831931825
951083827,VISam,0.9689635760949487,,0.05432810850243186
951083821,VISam,0.9534019866170372,,0.3229540838938192
951083817,VISam,0.9444661279994205,,0.4383075153655227
951083843,VISam,0.8365355633811637,,0.47785570628730056
951083838,VISam,0.9026984715641395,,0.7396907936918069
951083835,VISam,0.9678890811232206,,0.47382002951326285
951083857,VISam,0.9335794661459709,,0.2821197982366357
951083846,VISam,0.9152993353093795,,0.0725520991245503
951083878,VISam,0.867474912334921,,0.5620189978087637
951083876,VISam,0.8711077850188482,,0.41009693872774733
951084172,VISam,0.8123805843084646,,0.6895307923759901
951084165,VISam,0.8677647944589357,,0.808014094763621
951083866,VISam,0.9495193235225338,,0.4180672103602774
951083896,VISam,0.9436810824933775,,0.6134958908087356
951083894,VISam,0.9187009082312286,,0.3407781974765385
951083889,VISam,0.9397959849479154,,0.08942971450915138
951083869,VISam,0.9129112688256764,,0.3361073566070445
951084168,VISam,0.9510340651273554,,0.3626256528320937
951083886,VISam,0.8786317300495706,,0.6493105344616197
951083884,VISam,0.9697966774808175,,0.475060994184787
951083905,VISam,0.7978486400579017,,0.17801942144046734
951084208,VISam,0.5126903553299491,,0.49357554621474264
951083898,VISam,0.8941453700336467,,0.37657509114524146
951084183,VISam,0.6780052226544185,,0.5436335176959801
951083914,VISam,0.9363876972597577,,0.06985771680206199
951083909,VISam,0.8674946751505044,,0.4989243298268775
951083936,VISam,0.9135926925380442,,0.13165457248942403
951083931,VISam,0.9382006941102622,,0.09290163260720874
951083924,VISam,0.8194423873082811,,0.40014314437030407
951083957,VISam,0.5706828000794206,,0.16137641035948036
951084229,VISam,0.6792723696419892,,0.5060638480176749
951083976,VISam,0.7783538037625651,,0.9836832376722668
951083950,VISam,0.9205667970338822,,0.6002640073547809
951083941,VISam,0.6780707510545912,,0.22806039844863335
951084211,VISam,0.8274162341064489,,0.7643755751432764
951084186,VISam,0.7025953400873262,,1.1637745203054237
951083988,VISam,0.5509939381542541,,0.5228789774300822
951084226,VISam,0.7841245968978214,,0.6453458272244461
951083964,VISam,0.8704346107841888,,0.9741033520067504
951083960,VISam,0.7665717877951421,,0.6109374212614966
951083981,VISam,0.2945729432858989,,0.12748960824615096
951083972,VISam,0.6249710716705819,,1.0961766066752716
951083969,VISam,0.88050771546808,,0.38721007941649077
951084189,VISam,0.8561794445420216,,0.9801926658697084
951083985,VISam,0.7398948289416968,,0.1917720010146695
951084261,POL,0.9875118492351964,,0.027114005156136045
951084258,POL,0.9698314240044326,,0.042105723578288234
951084254,POL,0.7742829182167661,,0.11363365842316853
951084265,POL,0.9922000331456139,,0.026938363766930706
951084276,POL,0.9777449034431797,,0.02092784986280094
951084272,POL,0.9919269922273836,,0.01146550582529926
951085520,POL,0.8625196999451608,,0.07668535381048969
951084296,POL,0.8082166273200849,,0.08043613401150651
951084281,POL,0.9256119195864643,,0.28648388275541947
951084311,POL,0.9047367185164006,,0.3705337328801761
951084315,POL,0.8595432928593396,,0.35880894688943954
951085531,POL,0.9779263282758536,,0.22980226628169476
951084326,POL,0.9534462360318644,,0.22706394985652878
951085766,POL,0.2546440075000701,,1.3997148654998455
951085581,POL,0.6104926491947027,,0.7202270025100006
951085568,POL,0.945339293904898,,0.02780719637257789
951085558,POL,0.14853068170367978,,0.697099036509826
951085549,POL,0.7197642187204628,,0.5656249316934918
951085544,POL,0.3859429051769866,,0.8816678945941021
951085536,POL,0.7686832740213523,,0.3257142717093302
951085526,POL,0.7328491579241767,,0.4641866192459929
951084374,POL,0.7242960795160367,,0.7898961937153217
951084347,POL,0.7515480025000233,,1.409844098561507
951084336,POL,0.8494845903957551,,0.9852120235168513
951084334,POL,0.816817855412271,,0.28334960218353444
951085575,POL,0.9506406386503659,,0.04680978837359362
951084370,POL,0.7003633388108574,,0.5906217214460412
951084381,LP,0.9641606921710704,,0.06916770740190259
951084378,POL,0.9814853765314605,,0.12092895995874642
951085592,LP,0.8985305099017952,,0.4682783240718891
951084401,LP,0.8954339138940506,,0.11276880133164013
951084393,LP,0.9952553346768691,,0.04361507807084308
951084404,LP,0.8343577632849549,,0.14067943746249512
951084434,LP,0.9875818445640857,,0.051872239134809206
951084447,DG,0.9492953106135568,,0.14520527087552182
951084445,DG,0.9346138189293285,,0.18565318978949108
951085799,DG,0.9663791757838213,,0.4266649210358082
951084482,ProS,0.9076844792469824,,0.24790317287738617
951084489,ProS,0.971581724343886,,0.2738163441567849
951084523,ProS,0.9852494030803606,,0.07295196656446024
951084535,ProS,0.9497024222456547,,0.1747689277040081
951084530,ProS,0.9743113667036958,,0.14817469652643922
951084551,ProS,0.9851980363599708,,0.323403649624197
951084543,ProS,0.9722672927588211,,0.2937638019475344
951084540,ProS,0.9803809157572848,,0.09350728311301282
951084553,ProS,0.9851936218678815,,0.28950763606303553
951085597,ProS,0.9439321775777296,,0.940913922414893
951085603,ProS,0.9671488233441664,,0.3528347584920084
951084587,ProS,0.9454305346442758,,0.46501646922570217
951084584,ProS,0.965265896155402,,0.0854254659061553
951084578,ProS,0.9677579441910404,,0.14414583857501384
951084576,ProS,0.9562749943349151,,0.397248136966482
951084573,ProS,0.980016287859929,,0.06879034079065605
951084564,ProS,0.9926039310114356,,0.10955624488633475
951084561,ProS,0.9754666466075003,,0.14416372816594958
951085609,ProS,0.8765385428607407,,0.43579216111993446
951084636,ProS,0.9905269373963909,,0.024416340846528328
951084612,ProS,0.7349790290271777,,0.6188411348553018
951084604,ProS,0.9437556169138152,,0.3187391045116783
951084601,ProS,0.9823588275185994,,0.09485637356829102
951084598,ProS,0.9560978817829504,,0.4155181726173396
951084593,ProS,0.9849383262226692,,0.07190706680376024
951084590,ProS,0.9858107626231801,,0.06383784751960775
951084619,ProS,0.9633783964336535,,0.14575214462456643
951084617,ProS,0.9844298432413392,,0.20695996051290422
951084641,ProS,0.9307097467500427,,0.6884416363764103
951084638,ProS,0.9812490807825999,,0.039648451371249394
951084631,ProS,0.9894639586008206,,0.3338153028223587
951084700,ProS,0.9726498698545883,,0.1464272990713198
951084668,ProS,0.9931058067621699,,0.20156905625708532
951084659,ProS,0.976574696671174,,0.07181118484913895
951084651,ProS,0.9970960441439033,,0.12682292772387882
951084648,ProS,0.9630924406401232,,0.2780812965156656
951084644,ProS,0.9935677592011284,,0.6212713912100298
951084666,ProS,0.9580163667794099,,0.33948109699167617
951084676,ProS,0.9592190538363645,,0.2947815393233668
951084711,ProS,0.9802709121693177,,0.06727253175063197
951084708,ProS,0.9925128466883661,,0.20192338365723117
951084704,ProS,0.9722100411382023,,0.14539590235108335
951085626,ProS,0.9907149693996621,,0.12874320458467992
951084723,ProS,0.9735037996277863,,0.16424320692385663
951084720,ProS,0.9716252825299684,,0.0766700625363228
951084717,ProS,0.9625258574257018,,0.09473773121362683
951084714,ProS,0.9742591870953391,,0.15800426564965164
951084697,ProS,0.75,,0.8126956801170309
951084690,ProS,0.9803544379371646,,0.0933266920569622
951084746,ProS,0.9423805858565638,,0.14564256962239597
951084742,ProS,0.9780170916246753,,0.13939767971669426
951084748,ProS,0.9113052793441334,,0.9223063559848015
951084733,ProS,0.9719795183430004,,0.7126195091716454
951084756,ProS,0.962491762958068,,0.22651420679812873
951084769,ProS,0.9841293012311055,,0.07352225942918267
951084790,VISpm,0.9239550803485342,,0.05741124622431926
951084815,VISpm,0.8634190214331923,,0.5372164716550287
951084808,VISpm,0.28515233623919456,,0.11427012142985404
951084801,VISpm,0.9708080064384405,,0.06119666841595972
951084825,VISpm,0.657224674783921,,0.1072772785782945
951084832,VISpm,0.7236058240476689,,0.1636333925625877
951084837,VISpm,0.7244023328632339,,0.4924872649448844
951084859,VISpm,0.837227865005178,,0.3254347472538939
951085777,VISpm,0.8900986774054183,,0.7750066738844907
951085636,VISpm,0.7173045784339136,,0.9534391300780953
951084847,VISpm,0.7215335049429219,,0.4546553626541936
951084924,VISpm,0.93554749218281,,0.08232978808428015
951085781,VISpm,0.6946764434655341,,0.7228416600955825
951084871,VISpm,0.9517007502244134,,0.6086143121397072
951084899,VISpm,0.8483498935360348,,0.6360383469900626
951084894,VISpm,0.9073775004879705,,0.5390769915438796
951085655,VISpm,0.8637316561844864,,0.7199812648393618
951084877,VISpm,0.8721068610970477,,0.48794032152909494
951085649,VISpm,0.48943998788993703,,0.40324902607471813
951084917,VISpm,0.9194209165907757,,0.055722104590131494
951084911,VISpm,0.9293371481458486,,0.21151498429298954
951084882,VISpm,0.9322920648870405,,0.7774243206711162
951084957,VISpm,0.9202357216375363,,0.3460872004175144
951084939,VISpm,0.8983589388732491,,0.6560400976313758
951084963,VISpm,0.8778723832407485,,0.8975639584905366
951085661,VISpm,0.8531970302659597,,0.5262394483183925
951084975,VISpm,0.951647497834409,,0.21169556401764567
951084970,VISpm,0.8568749742076772,,0.5950925200713755
951085667,VISpm,0.2092139709129549,,0.1609845130569738
951084993,VISpm,0.7942987092153682,,0.048808956230459444
951084986,VISpm,0.9785448609414236,,0.3233409654776551
951085678,VISpm,0.8270723328899445,,1.032150135685697
951085027,VISpm,0.8629417455398805,,0.08256760279527953
951085015,VISpm,0.7613185398059088,,0.0844641364637937
951085010,VISpm,0.7839549834941685,,0.5193694297822731
951085033,VISpm,0.4084830591805899,,0.14577040109361405
951085052,VISpm,0.9195835989528574,,0.11838382600035402
951085040,VISpm,0.8394302332626808,,0.07616679788043257
951085688,VISpm,0.7795031835418783,,0.8202176999047879
951085682,VISpm,0.9127877789114747,,0.11353406726971116
951085109,VISpm,0.8526860872528026,,0.9066637294299653
951085102,VISpm,0.8930425133534655,,0.03343644177130045
951085072,VISpm,0.8242369208914793,,0.08216243828474035
951085062,VISpm,0.813862667516487,,0.9137803485264158
951085153,VISpm,0.44517495532168294,,0.25114497747517817
951085096,VISpm,0.8378809349512963,,0.06141398419958932
951085089,VISpm,0.8392461304768191,,0.08128817911915576
951085129,VISpm,0.9038409856647619,,0.33702900541811687
951085122,VISpm,0.8783126485525332,,0.09684426823605463
951085115,VISpm,0.9448726421950269,,0.06184748981809207
951085181,VISpm,0.9324112968726235,,0.06469451510702129
951085693,VISpm,0.8658591962094349,,0.42790820864502166
951085171,VISpm,0.8438974667580803,,0.20706847551264218
951085159,VISpm,0.7960580999896971,,0.31278472913436417
951085206,VISpm,0.7909146235305512,,0.5466174229986791
951085189,VISpm,0.7780571230921496,,0.5431535142979556
951085214,VISpm,0.8647312703067366,,0.3126230533484886
951085203,VISpm,0.8940340354840713,,0.15156090396408217
951085200,VISpm,0.9305513660355651,,0.19954266678905697
951085196,VISpm,0.9350184955109133,,0.2736213847927047
951085222,VISpm,0.8678373931486045,,0.6533305527777884
951085217,VISpm,0.7908061703601276,,0.6650515426149468
951085699,VISpm,0.641330124751083,,0.6166325472136123
951085253,VISpm,0.9094767845371647,,0.7221572299149557
951085248,VISpm,0.7849775953301821,,0.41468252951290197
951085242,VISpm,0.9451062748362083,,0.2528199750258864
951085271,VISpm,0.8558744115570639,,0.4287882018993514
951085265,VISpm,0.9657059541460409,,0.13069280054742194
951085703,VISpm,0.8844256676253119,,0.7495617623590078
951085303,VISpm,0.9231860408554572,,0.07140950927600898
951085293,VISpm,0.8799842786398153,,0.8575177159214036
951085283,VISpm,0.9718452257431226,,0.10460381872235303
951085709,VISpm,0.6641655186541968,,0.7943922324056985
951085316,VISpm,0.948690463915308,,0.29177606191296945
951085311,VISpm,0.9299788863231403,,0.3592138562689797
951085308,VISpm,0.9592894835973836,,0.524773702107268
951085786,VISpm,0.7950866500747786,,0.6778154101166365
951085299,VISpm,0.9557250011237797,,0.42752418948794
951085326,VISpm,0.9003485416888508,,0.5039941027519035
951085361,VISpm,0.9194515746596139,,0.2821207249098734
951085355,VISpm,0.8454081119847815,,0.27701361654908396
951085350,VISpm,0.869408296033235,,0.5040622400865686
951085386,VISpm,0.9544376455953033,,0.13731131633630866
951085379,VISpm,0.6767441457178699,,0.4910496220099958
951085809,VISpm,0.7890916502893497,,0.5433693374243376
951085790,VISpm,0.8577826571187401,,0.5835708370620978
951085372,VISpm,0.8812630468929252,,0.8653544477447213
951085435,VISpm,0.9097818237854077,,0.41119504899143067
951085402,VISpm,0.9359206053813147,,0.329199888772564
951085731,VISpm,0.701397861174128,,1.0113754000858535
951085726,VISpm,0.5504403498678334,,0.7725080339364467
951085721,VISpm,0.9404515631630628,,0.7164916664582961
951085715,VISpm,0.8840722142518278,,0.5083020643805867
951085419,VISpm,0.9649764588524365,,0.8121691474898398
951085407,VISpm,0.659955545170249,,0.641365295662581
951085736,VISpm,0.8857409001914857,,0.6094896813078776
951085446,VISpm,0.9392922721040781,,0.18385200546913438
951085468,VISpm,0.8596860409476251,,0.36318345467770996
951085462,VISpm,0.8189910979228486,,0.8922184388520691
951085481,VISpm,0.8568725926441763,,0.24286510881211143
951085475,VISpm,0.8582990267697708,,0.5593754094579708
951085486,VISpm,0.8757103543125572,,0.3831470272334627
951085741,VISpm,0.5867190460412639,,0.4726657734345281
951085497,VISpm,0.8548199727109361,,0.40470482514547257
951085491,VISpm,0.8718453790593339,,0.5904190546198151
951085759,VISpm,0.7063205198672544,,0.9126057987195964
951085754,VISpm,0.6747918540047102,,0.5687263592153613
951085509,VISpm,0.9292893218813452,,0.5790575495061603
951085747,VISpm,0.8554656986610785,,0.8029512589628212
951085852,LP,0.9469389998656101,,0.24018811302858012
951085862,LP,0.9409337291270311,,0.20592663274010192
951088836,LP,0.968708818987064,,0.4454182307156316
951085894,LP,0.7133246182692577,,1.0332963507689783
951085889,LP,0.9426902234366354,,0.42306937075045425
951085884,LP,0.9368726066790801,,0.24724934106234286
951085877,LP,0.917237230964889,,0.5003407813373997
951085916,LP,0.9347433957826431,,0.10645651759114116
951085911,LP,0.9677047587714553,,0.2430750727226041
951085936,LP,0.9811441276795693,,0.13571993419145656
951085899,LP,0.9598056320265078,,0.39956660902771546
951085942,LP,0.7134709921931219,,0.8093279052166054
951088858,LP,0.8166531618728343,,0.5526048927258671
951085932,LP,0.776703121730564,,0.8457972429250731
951085926,LP,0.8307363461694679,,0.10775897183793859
951085953,LP,0.9496095287223091,,0.4379495609218793
951085948,LP,0.9529487548609165,,0.28414056105680174
951085959,LP,0.8424738513497146,,0.6267889451773954
951085966,LP,0.9782763531228765,,0.39978628737799227
951088870,LP,0.8526860872528026,,0.8638654212622896
951085977,LP,0.9587739757580003,,0.16323683845666892
951085988,SUB,0.945316256664078,,0.506302083209448
951086010,SUB,0.9684488409769841,,0.14287883676934143
951086060,SUB,0.992176386913229,,0.28124347521861637
951086044,SUB,0.9535728394671396,,0.3418425456065961
951086078,SUB,0.9909140183210998,,0.04565835451830935
951086073,SUB,0.9914053396961346,,0.01932719345768419
951086066,SUB,0.9887858374407055,,0.07498206715581546
951086105,SUB,0.9948541265568418,,0.11063556118483575
951086154,SUB,0.9955547798142628,,0.05086313071387849
951086090,SUB,0.9820750597576456,,0.06266118110806929
951088897,SUB,0.9882157148899561,,0.0704782586019519
951086138,SUB,0.9935963165412743,,0.07507738848426015
951086127,SUB,0.9866037277996103,,0.06084132486967064
951086111,SUB,0.8803946280175272,,0.6166290032422239
951086116,SUB,0.9904794764303833,,0.08555273288129683
951086175,SUB,0.9823811644472832,,0.06935256762108111
951086170,SUB,0.9797568550188163,,0.03945025938855906
951086164,SUB,0.9807044911335543,,0.026226676713122288
951086205,SUB,0.9571461159015513,,0.2994774868611785
951086198,SUB,0.9793083741361142,,0.057163319247138134
951086193,SUB,0.9932726965046428,,0.09365937789766576
951086188,SUB,0.9914348473804702,,0.06116188308169512
951086183,SUB,0.9877951074507818,,0.0384145661664661
951086269,SUB,0.9596616868379438,,0.7415290788371749
951086240,SUB,0.9915746381519379,,0.028397554662660696
951086226,SUB,0.9875571317134508,,0.025337267256645646
951086222,SUB,0.9129755482191925,,0.243083030048183
951086215,SUB,0.9055360253205393,,0.5921244328028479
951088936,SUB,0.837117796414409,,1.0215663543258415
951088924,SUB,0.9199055614608762,,0.14382349739616984
951088946,SUB,0.9893437288705866,,0.06926476524176906
951086263,SUB,0.9486396508072875,,0.11712059570709243
951086286,SUB,0.9688454456976681,,0.2871522447303505
951086275,SUB,0.9719534898107041,,0.2804553038317863
951086341,SUB,0.987052466347435,,0.12511337185787852
951086334,SUB,0.9641022648237647,,0.18079790520050665
951086323,SUB,0.9858994905502096,,0.030399491111438692
951086316,SUB,0.9787694335488748,,0.06203554060220995
951088965,SUB,0.9899729568125151,,0.049114619317833785
951086310,SUB,0.9312180364847295,,0.18607319884904427
951086303,SUB,0.8286575974666902,,0.7897718381727827
951086298,SUB,0.9640028794672165,,0.23597285322557582
951088976,SUB,0.9899727893385659,,0.9556153565822569
951086383,SUB,0.9746529318128779,,0.017844047357812087
951086366,SUB,0.8881318138200219,,0.4448731313746066
951086416,SUB,0.9594483317288164,,0.07481410298760238
951086390,SUB,0.9564168593825859,,0.33843601532225875
951086443,SUB,0.9152990329255184,,0.04247910713888814
951086450,SUB,0.6189827897998622,,0.22477667030648263
951086468,SUB,0.958877729435071,,0.03093592579716642
951086582,SUB,0.9570288187232916,,0.11640448549405846
951086599,SUB,0.9863438163880245,,0.2353670579395839
951086663,SUB,0.955594557313271,,0.634258953356948
951086646,SUB,0.9100321093652395,,0.6513129454378941
951086636,SUB,0.9736309445862027,,0.4432039017688112
951086691,SUB,0.9604422428716834,,0.11167122066945012
951086671,SUB,0.9841002208335219,,0.07181672596516364
951086788,SUB,0.9274082425070691,,0.0738817908090823
951086728,SUB,0.9417443801416501,,0.3544872155353005
951086717,SUB,0.9812542881437845,,0.12899497071521182
951086770,SUB,0.924114620387405,,0.32640504316896113
951086758,SUB,0.96685489905001,,0.2574878441414512
951086929,VISp,0.5380198381741654,,0.14801792340563225
951086915,VISp,0.9253070291825866,,0.20287885243305936
951086991,VISp,0.9211379720104994,,0.5040304212059254
951086984,VISp,0.9240506329113924,,0.8958537265516497
951089048,VISp,0.979832230745546,,0.08673934100261249
951089036,VISp,0.68056171750003,,1.4650506806024168
951087018,VISp,0.9121475552666558,,1.015168512375567
951087009,VISp,0.6341211802321274,,0.8012591612077813
951086962,VISp,0.4733890097978233,,0.43797959825405997
951086949,VISp,0.9905822925012032,,0.11449396078205609
951086941,VISp,0.9746856497904725,,0.6122864990024937
951086934,VISp,0.6289249455623103,,0.4453492528473362
951087035,VISp,0.9639160925461551,,0.7830894079852442
951089059,VISp,0.43660448830541765,,0.22805753681723218
951086999,VISp,0.8821510876546103,,0.45466125572056626
951087073,VISp,0.8573426399768809,,0.795271447774212
951089668,VISp,0.36533013310610185,,0.1632542201441538
951087065,VISp,0.5495487972612418,,0.7497048110540163
951087059,VISp,0.9370184501236113,,0.8343687819833576
951086967,VISp,0.960731141550525,,0.025323645784510518
951087168,VISp,0.6720297029702971,,0.380698519100406
951087087,VISp,0.7979859497581563,,0.0705181254877516
951087154,VISp,0.9248836776014149,,0.38260928703221
951087127,VISp,0.81271333206351,,0.07192542060965934
951087117,VISp,0.8722958015126419,,0.2378896614441146
951087080,VISp,0.8192708811877979,,0.19715698458276165
951087026,VISp,0.7453802671274672,,0.04616451087576934
951087162,VISp,0.4597239087582775,,0.30145030591120303
951087248,VISp,0.8836007160636312,,0.10998529175822114
951089535,VISp,0.8150999345915904,,0.8795883344437243
951089082,VISp,0.07480449033477632,,0.43757774725986565
951087229,VISp,0.8703889783518911,,0.07672455524539146
951087219,VISp,0.5198835709992171,,0.34605261966817125
951087198,VISp,0.0909111853250264,,0.13668340956610336
951087277,VISp,0.17411041598413657,,0.1575878552002905
951087268,VISp,0.819261031761759,,0.2592172361205485
951087333,VISp,0.7436571396053746,,0.7742384283715182
951087346,VISp,0.7073332735911575,,0.1904278962015269
951089544,VISp,0.4504058472937891,,0.5327651321331359
951089094,VISp,0.8479309367425445,,0.8900311561310446
951087323,VISp,0.9273662742475315,,0.02145973296273951
951087303,VISp,0.9061796716784678,,0.24960950479498933
951087364,VISp,0.9364359576189977,,0.46756737799660186
951087437,VISp,0.9161230790600234,,0.13564570764219752
951087445,VISp,0.4620126366975673,,0.12755226736089753
951087429,VISp,0.8333926101147782,,0.10313855865751975
951087402,VISp,0.8673123632379441,,0.5856161533768045
951087484,VISp,0.9189062630862568,,0.12011827721880763
951087478,VISp,0.854692451600535,,0.1770104733232074
951087462,VISp,0.5733461219691967,,0.5544058005630177
951087454,VISp,0.7720039431899259,,0.12204660143288493
951087501,VISp,0.6904741630748958,,0.0890602784083967
951087421,VISp,0.8713341002717787,,0.46950951109738526
951087558,VISp,0.785881714273032,,0.5531191045292871
951087548,VISp,0.9628806092949358,,0.05153444627535464
951087493,VISp,0.5559258610387804,,0.3835757350402673
951087625,VISp,0.9626310390430197,,0.3272569021905838
951087606,VISp,0.5278661773017493,,0.22612603390371078
951087529,VISp,0.8812250901972514,,0.45225287725588714
951087522,VISp,0.9731578509188015,,0.041182507659414114
951087512,VISp,0.8695110308622602,,0.05019788750450971
951087615,VISp,0.6319418114902441,,0.17908618111778196
951089125,VISp,0.9438171494647559,,0.05303831550804716
951087634,VISp,0.6559932568658235,,0.1690592927434409
951087593,VISp,0.81319623555574,,0.09977301791536775
951087585,VISp,0.8110200871621756,,0.07599537357646113
951087680,VISp,0.9666222119228497,,0.06773117677039409
951087652,VISp,0.8967227030434892,,0.29735962639870195
951087643,VISp,0.8169895416291317,,0.10184020706947194
951089198,VISp,0.7878442680905918,,0.7408236038709219
951089209,VISp,0.930775306882618,,0.24394766354635067
951089186,VISp,0.9686347308065408,,0.052127501447102986
951087731,VISp,0.792286166303556,,0.4326180618206763
951089221,VISp,0.6641608520004942,,0.15503423871768973
951087700,VISp,0.9718016678294422,,0.05726085799574321
951087692,VISp,0.9842743480063442,,0.09283567740158105
951087789,VISp,0.7969176023821078,,0.3068016607821846
951087778,VISp,0.9442941497093793,,0.04454154518134601
951087768,VISp,0.9337445150602318,,0.08408662791975985
951087760,VISp,0.7881183317986521,,0.23956601779445919
951087860,VISp,0.44732097137004234,,0.36405690296214743
951087843,VISp,0.9160061239831946,,0.10420969385154422
951087835,VISp,0.9429106426624299,,0.2638922130117862
951087796,VISp,0.9589910991332391,,0.32696910939853296
951087924,VISp,0.7906900055436539,,0.1864733577158404
951087906,VISp,0.710956273704112,,0.44749806078857546
951087899,VISp,0.9260182319685658,,0.3985942050248923
951089257,VISp,0.757464374963667,,1.0424022231636627
951089246,VISp,0.9083100840062337,,0.5620434996874337
951087886,VISp,0.779713752523533,,0.26982270101825634
951087868,VISp,0.3575986973136184,,0.3721974332197533
951089266,VISp,0.5817856593881743,,0.3717478747134919
951087975,VISp,0.9765789236157202,,0.22327345594158032
951089676,VISp,0.7626013480425238,,0.6678057539784277
951087963,VISp,0.7802570917575651,,0.6934998746714882
951087947,VISp,0.9806398999013836,,0.05993419468495631
951087940,VISp,0.967369788198398,,0.2735832197822674
951089585,VISp,0.4847746329144046,,0.5344561225051621
951089279,VISp,0.8958685126193469,,0.4821430389301895
951088011,VISp,0.7073722691004809,,0.556293979385373
951088040,VISp,0.8467540396114384,,0.2729028417597874
951088130,VISp,0.7279860138744034,,0.49768183018159107
951088108,VISp,0.8290761340898832,,0.11046223120501963
951088098,VISp,0.9305563479713748,,0.14511648224652163
951088085,VISp,0.33084647877504747,,0.36662008762368714
951088064,VISp,0.16463558700582237,,0.35880561786325416
951088172,VISp,0.4078038835945863,,0.2336899084621109
951088160,VISp,0.20673217960980528,,0.3559211120773398
951089597,VISp,0.8246075580044695,,0.6168470686809542
951089310,VISp,0.7136977155004857,,0.5915812816563175
951089298,VISp,0.3174505699293303,,0.39862447957602853
951089288,VISp,0.5880152516968626,,0.3931706162809405
951088267,VISp,0.7085605040733685,,0.37810861570960697
951088254,VISp,0.9458514099286237,,0.6282256414579024
951088234,VISp,0.657839122307121,,0.5323912175567784
951088223,VISp,0.45945355272495136,,0.3921952581449659
951088212,VISp,0.4987256646929332,,0.3088161987716376
951089321,VISp,0.5373076601143165,,0.6111846308731401
951088348,VISp,0.8466475394928008,,0.8787264239169872
951088192,VISp,0.7391528971206921,,0.6281001626675788
951088183,VISp,0.8249362270098257,,0.571216401354377
951089606,VISp,0.9335570787760848,,0.7822772753797835
951088279,VISp,0.8203320100060689,,0.06436455786933948
951089627,VISp,0.3446007652155788,,0.4716797352843969
951089618,VISp,0.6847891067027189,,0.9883245362352682
951088399,VISp,0.33230874173272984,,0.7682282405121441
951088387,VISp,0.6423964895734384,,0.6012763882795298
951088359,VISp,0.5210673961742525,,0.6851900614242368
951088337,VISp,0.9042870824086113,,0.47634805436882743
951088469,VISp,0.6881244318744371,,0.8187145775495992
951089638,VISp,0.8858131487889274,,0.5590163127317282
951089388,VISp,0.9687734049254836,,0.34244475603577484
951089377,VISp,0.8585026516259666,,0.7987064486751478
951089368,VISp,0.8582165154879438,,0.806311397133868
951089356,VISp,0.7235449180264584,,0.5424008079799023
951088523,VISp,0.9880035391596563,,0.3144607071972132
951088457,VISp,0.7495272182728139,,0.744427640338472
951088445,VISp,0.831270048577705,,0.48780523935238307
951088434,VISp,0.8373027471297565,,0.09395299207835706
951088422,VISp,0.809957712939578,,0.46592030530200645
951088499,VISp,0.9129113626108629,,0.36505240743144896
951088489,VISp,0.9034070693594832,,0.5167971408300218
951088479,VISp,0.7951310422473864,,0.5153447304742258
951089396,VISp,0.8517401668870853,,0.7252172612329559
951089414,VISp,0.6637826717185227,,0.7439832585027943
951088563,VISp,0.8167317331949459,,0.703205324263763
951089646,VISp,0.5790959949237999,,0.7105168344362482
951089406,VISp,0.4668350509077437,,0.95851236511362
951088554,VISp,0.7917093599400589,,0.44707367917362717
951088537,VISp,0.3527042123304882,,0.658454862120152
951088605,VISp,0.8711364399764995,,0.7977483519161979
951088595,VISp,0.9606642471207607,,0.09216880561416474
951088583,VISp,0.8453695674361932,,0.40145427403285794
951088573,VISp,0.705603668827564,,0.5655395037474591
951089432,VISp,0.8190655786540157,,0.49301458852414726
951089424,VISp,0.9420154436648247,,1.1808862608763775
951088673,VISp,0.9158368084553551,,0.4601847407866444
951088629,VISp,0.7469710122554074,,0.8435018320174095
951089452,VISp,0.7322300053345263,,0.7017928237937667
951089441,VISp,0.29489144587792304,,0.38845143246044245
951088726,VISp,0.8535614965762585,,0.7935877180325406
951088698,VISp,0.727035761148263,,0.6531884691826235
951089656,VISp,0.8969023299949455,,1.073493992049407
951089485,VISp,0.4866731701032402,,0.9489024291710848
951088764,VISp,0.8710909612855162,,0.7689045298575365
951089472,VISp,0.5485458261836077,,0.7165612872991005
951089462,VISp,0.8249813316322314,,0.8434091493691085
951088740,VISp,0.566580501690322,,0.4154879293319027
951089496,VISp,0.8750387909887585,,0.9128415365230467
951088787,VISp,0.7712115776518985,,0.5352367402492746
951088818,VISp,0.8607802040855255,,0.5367202240495317
951089800,CA3,0.9850761507903061,,0.15748022354864588
951094720,CA3,0.9271507248489836,,0.7626199739011099
951089866,CA3,0.675136440670963,,1.1618301008520575
951090037,CA3,0.9120228796702678,,0.5288087805702162
951090030,CA3,0.9884430247803732,,0.15163996323053652
951090021,CA3,0.9634643828023077,,0.08446118473239039
951090000,CA3,0.9494963316512413,,0.17826003077198038
951089989,CA3,0.9731839336203716,,0.7662986923435255
951089953,CA3,0.9374933473770737,,0.3500954345536229
951095431,CA3,0.9500096126118354,,0.9633231489979153
951094743,CA3,0.8936170212765957,,0.880889588474929
951090178,CA3,0.8500129846951052,,0.8868679593260822
951090080,CA3,0.9437759582219002,,0.5677461060106452
951090070,CA3,0.9452881626327087,,0.564265564219113
951090060,CA3,0.9559056817145785,,0.2292043675761306
951090150,CA3,0.9692553739228885,,0.12672608355569537
951090142,CA3,0.9937872791274697,,0.018362207141308318
951090124,CA3,0.9871859371737789,,0.044414079472971935
951090115,CA3,0.980454113937803,,0.28643877812146457
951090253,CA3,0.9734777671123306,,0.17173275941786414
951090193,CA3,0.9694486393805116,,0.04883474239568386
951090186,CA3,0.9505894115598691,,1.0340919970312825
951090169,CA3,0.9878343024709637,,0.023289911971005495
951090215,CA3,0.9790213195791193,,0.05028342432115096
951090243,CA3,0.7535522534608269,,0.6918472801962707
951090269,CA3,0.9116116523516815,,0.6219705807093305
951090313,CA3,0.967486348462678,,0.024134751330166182
951090364,CA2,0.9734966039755437,,0.07745577983405383
951090497,CA1,0.950625515861546,,0.24043434178543066
951090554,CA1,0.9734686706695189,,0.1712551977466319
951090530,CA1,0.926841870551609,,0.17537283766432665
951094765,CA1,0.9722301507914309,,0.26024777267457466
951090704,CA1,0.9901921581928378,,0.06988060316734845
951090778,CA1,0.9553390849242979,,0.3320165449895285
951090817,CA1,0.9734396833546044,,0.23470554088794415
951090992,CA1,0.960527557740082,,0.2741847878082808
951090978,CA1,0.9388317040779343,,0.8415428045818771
951091019,CA1,0.9684723109028873,,0.9550179962297989
951094784,CA1,0.8418861169915811,,1.2071255989060319
951091043,CA1,0.9782316386300508,,0.3482966190044863
951091152,CA1,0.9821090870194866,,0.8141087528947537
951095442,CA1,0.881261162483335,,0.9260197153162153
951094793,CA1,0.7934476052441017,,0.8129964059498889
951091086,CA1,0.9837240977174047,,0.22233866786768886
951091253,CA1,0.9773526781792409,,0.15536953387641006
951094814,CA1,0.752925767167572,,1.0282206962569944
951091279,CA1,0.6250285790496928,,1.163352068685981
951091203,CA1,0.9390425188632286,,0.5945353849365347
951091302,CA1,0.9825513869435853,,0.48762684457142313
951091291,CA1,0.984325147533745,,0.33110066001609084
951091379,CA1,0.9235183924261242,,0.4800276888413464
951091365,CA1,0.9732076164646851,,0.1777167267960067
951091351,CA1,0.9742051354105855,,0.17031137496815063
951091441,CA1,0.9120784406138434,,0.7181643595113201
951091416,CA1,0.9250404480571655,,0.8157811852452141
951094847,CA1,0.9394884300810107,,0.8676104623691572
951091601,CA1,0.7730448810356807,,0.7525391328586011
951091589,CA1,0.9584853623347299,,0.6527974226514743
951094824,CA1,0.8879983093956844,,0.9659528488173237
951091561,CA1,0.8696720671634144,,0.6769288701152618
951091524,CA1,0.9730594219578339,,0.8261651338607408
951091500,CA1,0.7597839560537536,,0.4142999008163315
951091479,CA1,0.9027165234026975,,0.7367208790865334
951091722,CA1,0.9726898865786942,,0.4901768821996484
951091711,CA1,0.9516699216352276,,0.12999757733723527
951091510,CA1,0.8438262381113939,,1.137790062995009
951095600,CA1,0.7951827317370803,,1.0723167659166393
951094857,CA1,0.8561141945847333,,0.812055793372565
951092017,CA1,0.9913364294391214,,0.03769572429791879
951091747,CA1,0.8334779090496711,,0.695254915020314
951091673,CA1,0.9031683656109597,,0.6598507146870816
951091648,CA1,0.9515442041017956,,0.5716305306664253
951091636,CA1,0.9701465825699607,,0.9543716283847061
951091612,CA1,0.9441773757910067,,0.750565892994473
951091550,CA1,0.8267403578680759,,0.93873652162074
951091454,CA1,0.9798520955728599,,0.2559745540274889
951094913,CA1,0.7355320639000773,,0.900733155978287
951092148,CA1,0.9231192828749907,,0.7511849320999318
951091946,CA1,0.9468690498237643,,0.830761092085595
951091888,CA1,0.9842938352550331,,0.22810945424953388
951091876,CA1,0.96277428665563,,0.29196123475071545
951091852,CA1,0.9875667724925251,,0.3224538002148165
951091626,CA1,0.9692395385297884,,0.231542070207297
951095465,CA1,0.7459013661932057,,0.9359197427993422
951094905,CA1,0.9171826675000079,,1.222117480788711
951094896,CA1,0.8969842492724575,,0.9646591133741822
951094887,CA1,0.7487181462532213,,0.8019531444551831
951094877,CA1,0.6355655065721687,,1.1890539572918897
951094868,CA1,0.804311421734871,,0.7692992809695625
951092134,CA1,0.9097321533907596,,0.6075437870192673
951092006,CA1,0.9461844935156334,,0.20489677132673023
951091837,CA1,0.9875848226484374,,0.17156940410131938
951091810,CA1,0.7869532399891705,,0.7342466837828852
951091798,CA1,0.8488599269296249,,0.9129238560165049
951091786,CA1,0.8718893900637881,,0.6868682685021668
951091760,CA1,0.9158217281897769,,0.8363632687160134
951091735,CA1,0.7967210929545645,,0.7894358010453288
951092160,CA1,0.9301305219645514,,0.7168440948034913
951094934,CA1,0.921108589132256,,0.8492095341753156
951094923,CA1,0.9895701710888765,,0.7496626661140908
951092352,CA1,0.9049133437573159,,0.6902982010049072
951092077,CA1,0.755885607276642,,0.7438958476150219
951092047,CA1,0.8721725018587716,,0.8408237197527342
951092033,CA1,0.9436835609012997,,0.6859953537295951
951091973,CA1,0.9588775790609878,,0.7306110212123258
951091955,CA1,0.9361305994347355,,0.9734605527808071
951095003,CA1,0.8017114647911628,,1.023991023198505
951094947,CA1,0.8994859301264185,,0.6903594949271792
951092512,CA1,0.9084885463080207,,0.9067160209142457
951092499,CA1,0.9685060848239466,,0.18981613594405644
951092458,CA1,0.89229670385731,,0.8568476807022307
951092299,CA1,0.9833238080519315,,0.06448324842813236
951092287,CA1,0.9465553438470774,,0.8657913953093157
951092277,CA1,0.92852090088353,,0.6886489891730889
951094978,CA1,0.8666567523019778,,0.9540856367368633
951094968,CA1,0.8662761151330787,,0.7463556109896672
951092341,CA1,0.9204876928982488,,0.7712375422543118
951092196,CA1,0.8869348280349381,,0.6782861344900084
951092185,CA1,0.9618809598167819,,0.8649877193547582
951092171,CA1,0.9238054177083233,,0.8574530880046041
951092445,CA1,0.9197462192824711,,0.386139880770088
951092361,CA1,0.9806386477485667,,0.4059466380804224
951092380,CA1,0.9537290155179631,,0.332298195941803
951095016,CA1,0.9292172530505497,,0.49159346471606113
951092599,CA1,0.8175426704544411,,0.6866810422379785
951092669,VISl,0.978112773177313,,0.09625908931229787
951092621,CA1,0.9743523924555142,,0.08439589558247462
951092680,VISl,0.9489561983856845,,0.6706021794752814
951092716,VISl,0.9602091199535289,,0.1440511803143636
951092729,VISl,0.924380003424457,,0.467336072596936
951092793,VISl,0.9703562472269747,,0.1341950744993028
951095477,VISl,0.7573695653495083,,0.6121122477679819
951095028,VISl,0.9853039704603733,,0.6864757566968365
951092853,VISl,0.8953892710910655,,0.5078033913314357
951092828,VISl,0.9429891342685724,,0.4201359813455383
951092814,VISl,0.8924560844053128,,0.5270156216038231
951095043,VISl,0.8332342743845182,,0.7909825024721613
951092922,VISl,0.9633577101710731,,0.0688306965053016
951092914,VISl,0.9610508980528187,,0.08182070195653068
951092903,VISl,0.9601337263951351,,0.7837843708095988
951092892,VISl,0.9441140390451538,,0.06451905405333491
951092866,VISl,0.8964612039901313,,0.5373390733493579
951095486,VISl,0.9689909401181918,,0.6433638251510274
951095070,VISl,0.9197077937847873,,0.7263193394119298
951095057,VISl,0.9944110059027353,,0.39608899922086493
951092964,VISl,0.960061139897587,,0.4156535847359919
951092953,VISl,0.8330469172862022,,0.13191054952403647
951092942,VISl,0.9645628743611758,,0.13143746156401903
951095083,VISl,0.9132311363918484,,0.3370684500559946
951093051,VISl,0.9360646645281998,,0.45738835037354875
951093014,VISl,0.8206314307919671,,0.8959133442986058
951093005,VISl,0.8119680491836337,,0.5082767225785574
951095669,VISl,0.8150630947035173,,0.4089331455516003
951092995,VISl,0.9443403084176015,,0.8343846437273896
951092985,VISl,0.967439031805112,,0.43846507088801445
951095095,VISl,0.9717805738004709,,0.3935213494241907
951093083,VISl,0.828797291577696,,0.7190265868412098
951093032,VISl,0.7209314375380245,,0.6156107478464037
951095129,VISl,0.9849680612137532,,0.6152571930526847
951095116,VISl,0.8590492076730609,,0.5271847209328371
951093141,VISl,0.7913330856634004,,0.8746159830388933
951093129,VISl,0.8379504865826952,,0.3692373316725934
951093114,VISl,0.9564473838501985,,0.06147420444403906
951093101,VISl,0.9648944766659313,,0.22234782924715546
951093091,VISl,0.9181704683275762,,0.7754042139627018
951093182,VISl,0.8689989995694916,,0.5402624404432572
951093072,VISl,0.8468476038310552,,0.7745819466315425
951093273,VISl,0.9264462720752212,,0.7069274695131753
951093236,VISl,0.6728955063158278,,0.7273744533031277
951093203,VISl,0.9012148508991824,,0.13690932609824813
951093155,VISl,0.9734516510971829,,0.41836352618838646
951095141,VISl,0.9178608828186066,,0.6506681646371817
951093225,VISl,0.8046382293607315,,0.6269338660631547
951093194,VISl,0.7343277438577887,,0.513623487431687
951093169,VISl,0.868042638676555,,0.3014081525984693
951093305,VISl,0.9394780426547105,,0.5925470632041652
951093293,VISl,0.973883483178101,,0.12836742419221991
951095154,VISl,0.9692030829186898,,0.8781572754433
951093264,VISl,0.8655382543771577,,0.09408573303880985
951093353,VISl,0.8447567410388268,,0.23699772895452043
951093339,VISl,0.9061077412697194,,0.590634639034306
951093411,VISl,0.9486407466171559,,0.7457990901484663
951093316,VISl,0.9485216180724062,,0.2652249814245806
951095181,VISl,0.9470963932801727,,0.43784995058990717
951093448,VISl,0.9113941315757625,,0.8207276317225478
951093399,VISl,0.8643910817274862,,0.21790959588815895
951093387,VISl,0.9086681340519898,,0.4546485772293636
951093486,VISl,0.9700204023873804,,0.09117758267620957
951095166,VISl,0.8017228113484998,,0.3156447539679448
951093438,VISl,0.92021329775473,,0.6262672304546868
951093424,VISl,0.9320752008049318,,0.10614677639478032
951093364,VISl,0.8081500237964746,,0.12228235625116213
951095497,VISl,0.9678114131161007,,0.7524274421211885
951095208,VISl,0.8855338984009324,,0.6507171373359597
951095195,VISl,0.9671269017345616,,0.8140654228445783
951093548,VISl,0.8659798109647902,,0.174471111998173
951093535,VISl,0.9667404947381131,,0.7058041575710376
951093522,VISl,0.9458358597425613,,0.4853694541211553
951093672,VISl,0.9376947132136418,,0.07856736072631065
951093611,VISl,0.8535135404153817,,0.3754382451766105
951093600,VISl,0.9005200765620289,,0.31983305877497514
951093587,VISl,0.7251513394608144,,0.7227610366962836
951093575,VISl,0.9056012033312923,,0.781097519357445
951093561,VISl,0.9001961947134587,,0.06277085215924672
951095507,VISl,0.9074482565317626,,0.5925254402072824
951095220,VISl,0.8023576462394763,,1.2599909095579278
951093770,VISl,0.8031850212731688,,0.5368235999185345
951093683,VISl,0.9518792638247225,,0.2436796875390428
951093733,VISl,0.8777341484411779,,0.68928886919457
951093644,VISl,0.46229508196721325,,0.40601085312709984
951093633,VISl,0.8021758269057477,,0.12002182945025197
951093622,VISl,0.9640821956490119,,0.5925005941317067
951095530,VISl,0.923076923076923,,1.0146715642358686
951095520,VISl,0.961512090922774,,0.5925003959246169
951093708,VISl,0.9835664316790931,,0.013904036876056125
951093696,VISl,0.8371258708362924,,0.07557242947268605
951093859,VISl,0.7773778039091654,,0.38179994282108964
951093744,VISl,0.7959869343376935,,0.08871934383660118
951095261,VISl,0.8503085709123608,,0.601225526482267
951093809,VISl,0.735766580633682,,0.1280278120625553
951093783,VISl,0.7500841070299293,,0.26735134642831326
951093882,VISl,0.896150560717554,,0.5447445287231858
951093870,VISl,0.8496333623570318,,0.6947391502162645
951093833,VISl,0.9723170594673441,,0.2809472393971646
951093823,VISl,0.9753177745393193,,0.07142425603638003
951093926,VISl,0.9388128434334292,,0.1208156663351474
951093847,VISl,0.8610722643250243,,0.0680965620877032
951093962,VISl,0.8403275997096599,,0.06273221383344207
951093935,VISl,0.9574250385261507,,0.3797419916063518
951095327,VISl,0.764534847636444,,0.9215565363401765
951095314,VISl,0.8168141736381721,,0.9556301576994883
951095301,VISl,0.9510280055833437,,0.29611295820586747
951094089,VISl,0.9387655139330325,,0.13153440205132938
951094078,VISl,0.8114415499291164,,0.10722515926090637
951094025,VISl,0.9244909045509311,,0.07055660559967691
951094014,VISl,0.8364431465664464,,0.3328299623656221
951095291,VISl,0.9314787009795622,,0.4983189041249716
951095285,VISl,0.8877049116754082,,0.395048961100656
951094003,VISl,0.8193842556599656,,0.4675909781176415
951093995,VISl,0.9222333870111347,,0.8517211920261616
951093984,VISl,0.8921604228284061,,0.3724481941248996
951093973,VISl,0.8603966917359303,,0.4986867545926543
951094064,VISl,0.7607110281827992,,0.24628098874200077
951094035,VISl,0.9083731282109799,,0.05587321059738315
951094195,VISl,0.8431271287230324,,0.3455064084564583
951094168,VISl,0.8168709441114175,,0.5223201493909073
951094157,VISl,0.929387634249661,,0.26090125037080725
951094137,VISl,0.8800096994415528,,0.30580901029952656
951094113,VISl,0.8793622722057262,,0.45675541056152724
951094228,VISl,0.9357717234114922,,0.15518435879857861
951094322,VISl,0.9374036236898613,,0.5413471022586691
951094426,VISl,0.9204787691446648,,0.24499975483240632
951094439,VISl,0.870327128224565,,0.47485692551163083
951095377,VISl,0.660518892471859,,0.349735007774143
951094520,VISl,0.6245556661565886,,0.32046143170919095
951094507,VISl,0.9400499153063052,,0.1271778769641969
951094480,VISl,0.8166091713517456,,0.6299789544427767
951095553,VISl,0.7722052851825455,,0.6898890566144473
951095392,VISl,0.7967210929545646,,1.305178928470923
951094568,VISl,0.8699470070695164,,0.6864407939756347
951094532,VISl,0.6958587887442367,,0.3712500247374919
951095363,VISl,0.5868832374692,,0.7314789222300533
951095349,VISl,0.8230819398704587,,0.49708675766873966
951095406,VISl,0.6440776889762367,,0.7958576650662508
951094593,VISl,0.6695689159269463,,0.6069319546995757
951094581,VISl,0.8624795080931036,,0.5283185719540597
951095648,VISl,0.8714903461207019,,0.7052297052268841
951095565,VISl,0.6464466094067263,,0.7396385596130131
951095420,VISl,0.8969315987686787,,0.5384135850426901
951094669,VISl,0.8218425240293754,,0.37547530350639136
951094644,VISl,0.9071225928134822,,0.15091787892151842
951094682,VISl,0.9531799159373474,,0.139862530893879
951101186,PIL,0.9473310398891118,,0.08720452519355604
951095802,PIL,0.9391798899749266,,0.07493706556442703
951095768,PIL,0.9635232306194915,,0.18560229527611227
951095817,PIL,0.9344675938288138,,0.1505141016741618
951095951,PIL,0.9707781493016062,,0.2433520808308458
951101194,PIL,0.8418861169915811,,1.0928542359863513
951095937,PIL,0.2928932188134524,,1.2949559227972713
951095873,PIL,0.9961408106101948,,0.14927670560632578
951095843,PIL,0.9804537658573619,,0.16189152520655625
951095832,PIL,0.9837562019504995,,0.2056851432989788
951096018,PIL,0.9800141124256693,,0.2568053302466069
951096008,PIL,0.973258281205742,,0.10785907439412767
951095998,PIL,0.9793378896222095,,0.12545485610417018
951096163,PIL,0.8908588551040804,,0.774518375314301
951095985,PIL,0.9584972757193347,,0.14109164239971506
951095973,PIL,0.9354393883037275,,0.2347593000276902
951095962,PIL,0.9526057282624455,,0.16944865649475105
951096148,PIL,0.9780987614020163,,0.2832958750000216
951101202,PIL,0.9924613526305209,,0.4479454419661124
951096118,PIL,0.8937704268001504,,0.918354846739021
951096105,PIL,0.9832853022872291,,0.09204351799826327
951096076,PIL,0.7916096647483529,,0.9201720114097043
951096058,PIL,0.9649354222785642,,0.12534607723364388
951102043,MGm,0.9800089143904614,,0.18411685244245746
951096205,MGm,0.8976174805276748,,0.7841337074141848
951096188,MGm,0.9763278233109872,,0.08254027028783639
951096174,PIL,0.9913434830841265,,0.15082216600330867
951096271,MGm,0.9960472716948894,,0.15257623005072674
951096260,MGm,0.9835706309074319,,0.15538883334647835
951096247,MGm,0.9787896869632475,,0.19994365804609515
951096232,MGm,0.9924910791058676,,0.15729730677480802
951096331,MGm,0.9796284924470069,,0.11144666279324156
951096317,MGm,0.9612920538880898,,0.1505827909704749
951096293,MGm,0.9754549493644527,,0.030231919738525903
951096280,MGm,0.9745208484257495,,0.11780088456748672
951096416,MGv,0.9699720098040873,,0.42132065410669384
951101223,MGm,0.9647545927733776,,0.24122772697228356
951101212,MGm,0.9552679398508711,,0.4805996430527557
951096386,MGm,0.9467006715703017,,0.9679360232548788
951096495,MGv,0.8024484119635561,,0.7014758291006729
951096484,MGv,0.9100148076408875,,0.5901669931308788
951096455,MGv,0.9962801934209612,,0.06030982752554337
951096509,MGv,0.9897243810103717,,0.1070222218145318
951096442,MGv,0.9913851548027957,,0.12460488353281107
951096577,MGv,0.9560844522924693,,0.3683894097096072
951096563,MGv,0.9922110076427102,,0.2455002506285382
951101243,MGv,0.9802314540361452,,0.10960173687658425
951101233,MGv,0.9928775084903845,,0.07480977126965627
951096549,MGv,0.9650245924970886,,0.226966884129979
951096536,MGv,0.9646774225435997,,0.4402781338976638
951096464,MGv,0.9629625356615109,,0.6190847375826252
951096667,MGv,0.9720171329493832,,0.19090692798545206
951096642,MGv,0.9724243060969697,,0.1298030383400146
951096634,MGv,0.8503706791208481,,0.8140449241063834
951096628,MGv,0.9655331126693403,,0.15261083071118264
951096741,MGv,0.9597730385974257,,0.25865054962196155
951096608,MGv,0.991423597242605,,0.27803221009116896
951096593,MGv,0.9816758332081991,,0.19529181726306888
951101254,MGv,0.9837611163539881,,0.1737846872379123
951096734,MGv,0.9154170233275881,,1.021957793556794
951096726,MGv,0.9489260364207541,,0.2707378552177033
951096717,MGv,0.9816810172759769,,0.15624072623404572
951096712,MGv,0.9694380889532982,,0.2000753403149247
951096701,MGv,0.9792603321543929,,0.2444700031760476
951096693,MGv,0.9753378366854262,,0.17920226947171614
951101279,MGv,0.9766192775291798,,0.2254067538669915
951096832,MGv,0.8792212120675381,,0.7249332716000936
951096807,MGv,0.9830045963679672,,0.21270181681120448
951096871,MGv,0.9936242260855145,,0.2903855887661848
951096796,MGv,0.9799937256075865,,0.1804049197542099
951096774,MGv,0.9841033158414157,,0.025023746582292006
951096928,MGv,0.9370926418957861,,0.22618007803703222
951101306,MGv,0.989035089734801,,0.22410706281880266
951096897,MGv,0.9735525948473669,,0.13431434737162817
951096885,MGv,0.9215406317003035,,0.24443187095766916
951101319,MGv,0.9827710387670457,,0.1681202026857136
951096943,MGv,0.965289256198347,,0.22206228176401055
951097036,MGv,0.9853910187335918,,0.14765759571969284
951097021,MGv,0.9767477843397122,,0.05220004933426026
951101333,MGv,0.9874511897948105,,0.14562582398593804
951097164,MGv,0.9629941489968722,,0.18355539985623182
951097152,MGv,0.9739442201845664,,0.06381596896653718
951097142,MGv,0.9503707431276116,,0.252841773446562
951097104,MGv,0.9865710980127962,,0.2380525379246592
951097086,MGv,0.9294422561333154,,0.2756963685856135
951097113,MGv,0.9624470762652041,,0.08563954047349398
951101344,MGv,0.9518944118738117,,0.5291131625854177
951097190,MGv,0.9288129903047585,,0.19255862258705747
951097177,MGv,0.9926628597781605,,0.2151200420294117
951101367,MGv,0.9398549045181579,,0.6214835414421032
951097240,MGv,0.9460811018778595,,0.6437738353688474
951097228,MGv,0.9822987116013148,,0.07215878137844811
951097215,MGv,0.9479368389854776,,0.08982370964622532
951097278,MGv,0.9431257877448275,,0.25850964702181045
951097266,MGv,0.9375831083423907,,0.2583978784750798
951101386,MGv,0.9663482664394909,,0.11615797740751077
951101377,MGv,0.9728811024784267,,0.16222669491526176
951097380,MGv,0.9789475685373106,,0.2500443178078058
951097367,MGv,0.9754031346785079,,0.09368085633809642
951097354,MGv,0.9723698947453261,,0.06206996376522511
951097342,MGv,0.9587465529123113,,0.7175709861219275
951102054,MGv,0.9892647267842063,,0.06530204206546841
951097305,MGv,0.9455520492735061,,0.7978522375979082
951097291,MGv,0.9752125303598924,,0.20059955158285447
951097465,MGv,0.9881874275258525,,0.08301062586997432
951097450,MGv,0.9605218876055739,,0.27706981659821395
951097422,MGv,0.9722530352004554,,0.2525752361643754
951097394,MGv,0.9890061682689153,,0.09463949885298462
951102067,MGv,0.9668633719097391,,0.09953322880119231
951101411,MGv,0.980984144720925,,0.2622650829553095
951097684,MGv,0.9661767684105429,,0.10749207960270724
951097521,MGv,0.979965075229524,,0.27455069439997715
951097505,MGv,0.9428508470213853,,0.33747181047147023
951097480,MGv,0.969576094101401,,0.1800621212560145
951097614,MGv,0.9879901995443033,,0.0989111260964819
951097548,MGv,0.9377614900738531,,0.2296576760595599
951097564,MGv,0.9464002882890196,,0.5499558870992587
951097820,MGv,0.9937891208057649,,0.12308754262676302
951097713,MGv,0.9782637555272249,,0.2112178152906381
951097699,MGv,0.9378645707899699,,0.45548559142707745
951097655,MGv,0.9619902366046786,,0.26104072948146495
951097495,MGv,0.8621454046146071,,0.876931062178528
951097642,MGv,0.9816176239823317,,0.413835433641907
951097806,MGv,0.9807143134876533,,0.2400247739524275
951097885,MGv,0.9533818059653751,,0.20920178199003203
951097846,MGv,0.9214325798681614,,0.7298613590451168
951097831,MGv,0.9740507422452577,,0.14634974454656913
951097931,MGd,0.8849123137184776,,0.22317833038232493
951102181,DG,0.9534152504687545,,0.792974778698408
951101437,DG,0.6199415249669541,,1.0803668653265959
951097998,DG,0.8557779489814404,,1.0259984499377879
951098077,CA3,0.9764578772694527,,0.189891102258116
951098102,CA3,0.9923193514605083,,0.09115494070283603
951101452,CA3,0.8767943768765567,,0.9713386706478104
951098178,CA3,0.8975703859438535,,0.8020644211737817
951098148,CA3,0.9784819800942438,,0.3519288135444185
951098220,CA3,0.982602920101931,,0.09773110416972486
951101477,CA3,0.863022781763819,,0.852846469258111
951098352,CA3,0.9287385743604719,,0.644975037914719
951098338,CA3,0.8155373614295963,,0.7611402809880019
951102029,CA3,0.2546440075000701,,1.2454419205823797
951101959,CA3,0.9699537393711334,,0.8487926224424882
951101464,CA3,0.6630285416307117,,1.1916904039289875
951098291,CA3,0.9650648086062443,,0.5157928325838839
951102191,CA3,0.8811764919992722,,0.6435383808602637
951101505,CA3,0.915086026170894,,0.7949338884523058
951101491,CA3,0.7879087485021183,,1.0289886106511403
951098422,CA3,0.6912411646463514,,1.1655497935798849
951101528,CA3,0.9547959262979363,,0.22661629641424952
951101555,CA3,0.8243179077684234,,0.7639817004073848
951101543,CA3,0.9300627947125388,,0.9266216224823438
951101517,CA3,0.4664448193157741,,1.037257696434608
951098539,CA3,0.5710154107922083,,0.6955066626278494
951098448,CA3,0.8211145618000169,,0.6646032255671344
951098269,CA3,0.9553744970268669,,0.6213232255686307
951098577,CA3,0.9669998431331546,,0.037796602175603766
951101567,CA3,0.9684492368495486,,0.4899660141820732
951098564,CA3,0.39016327886369373,,0.8626261278513994
951098527,CA3,0.6160829643667358,,1.2391659365296164
951098638,CA3,0.9554992493536564,,0.13390653928740903
951098614,CA3,0.955458068309459,,0.7169901604597726
951101580,CA3,0.8872008869527082,,0.7452092491348594
951098688,CA3,0.907202934429451,,0.6907062167583717
951098677,CA3,0.9911253124775202,,0.11411417081126274
951098665,CA3,0.9811622286648359,,0.14976183233261509
951098763,CA3,0.9175492516874855,,0.3600986352576001
951098751,CA3,0.9135251498387537,,0.7580847860670019
951098738,CA3,0.9892019409354716,,0.7300593022118846
951098799,CA3,0.9706198921620888,,0.04682190693301891
951098823,CA3,0.9859706176051984,,0.30622396740227487
951101606,DG,0.9516011419047649,,0.7145089787518373
951098939,DG,0.9553720195235224,,0.6620669736271338
951098926,DG,0.9893503366160319,,0.18853158454248842
951098914,DG,0.9558058261758409,,0.8138665933993252
951098988,DG,0.9797681408295938,,0.12213593788055732
951099051,DG,0.8832036496513336,,0.5537478418027604
951101617,DG,0.6542774709925929,,0.9623193117481605
951099030,DG,0.8221272262700192,,0.9956149574600204
951099087,DG,0.9607813373590915,,0.020821154570739964
951099161,DG,0.9431063509390134,,0.8724621682540601
951101630,DG,0.9397590361445783,,0.5329123743422315
951102203,DG,0.7497167137901353,,1.0697497793735238
951101643,DG,0.8037818538613477,,0.8107513242539426
951099468,CA1,0.9876732746554587,,0.17435125175984467
951099522,CA1,0.99113807379839,,0.07096823413075981
951099507,CA1,0.9714062380383235,,0.060170102796746505
951099493,CA1,0.9778857149646698,,0.049676959522457764
951099534,CA1,0.9428308288640421,,0.6211501581137782
951101656,CA1,0.9024283920279524,,0.706381271320879
951099688,CA1,0.9801000196470182,,0.05655302117111205
951099644,CA1,0.9633150127211272,,0.26718932041831067
951099666,CA1,0.9597244867204363,,0.24769294148336485
951099783,CA1,0.9857242758636025,,0.04590204574469681
951099810,CA1,0.9881188801848488,,0.05111288104944833
951099796,CA1,0.9707388531850292,,0.20856128439299937
951099852,CA1,0.8189285079149629,,1.070269795031436
951099916,CA1,0.9866414031409979,,0.1482325990255049
951099903,CA1,0.8749676693512654,,0.5312401325545579
951099878,CA1,0.9673677196179419,,0.24647851370809803
951102139,CA1,0.389714018191605,,0.7407371859835621
951101668,CA1,0.8910314602227795,,0.7781103859813356
951100030,CA1,0.9763508580818644,,0.1265432326708833
951099966,CA1,0.7043848461058231,,0.4396592466009679
951100005,CA1,0.9499206560610624,,0.29604912702689035
951100089,CA1,0.9956182420323229,,0.07929389684613852
951100076,CA1,0.9680249598477367,,0.08640188511026281
951101679,CA1,0.7836602016304368,,0.4742912463630091
951100133,CA1,0.8618855732103132,,0.05641445881974505
951100197,VISal,0.9422535682952091,,0.038404499723583285
951100179,VISal,0.9722550337139665,,0.05910651855492688
951100209,VISal,0.9955790984944091,,0.14570265723614284
951100251,VISal,0.924454026260625,,0.5881196767995789
951101690,VISal,0.9244077547132917,,0.299264161001247
951100229,VISal,0.842048249191046,,0.7525826453766058
951100219,VISal,0.8816619979872918,,0.5323015059702811
951101982,VISal,0.6666666666666667,,0.42544400708720786
951101726,VISal,,,
951101701,VISal,0.9511471918495249,,0.20468576122402737
951100262,VISal,0.9855526273105685,,0.26660378537735596
951101751,VISal,0.8062890357145862,,0.8195640129383719
951101738,VISal,0.8141069850216219,,0.8428511683787292
951100312,VISal,0.9514172317117057,,0.6996468396396267
951100335,VISal,0.726744457497184,,0.1123607874087611
951101765,VISal,0.9507985641412757,,0.7469878113706727
951101799,VISal,0.9634255113179373,,0.8224300673191465
951101775,VISal,0.8770493455969621,,0.5891752860816268
951100391,VISal,0.777010810474462,,0.10846032375775394
951100448,VISal,0.5874902428337102,,0.13775085989800573
951100436,VISal,0.35270424073786744,,0.15927809222557698
951100474,VISal,0.9684253553159629,,0.2551045500922555
951100460,VISal,0.49374935421380006,,0.12617503804904118
951100513,VISal,0.6477302952113954,,0.6589860880776541
951100486,VISal,0.6971278247550263,,0.6544527540727358
951100503,VISal,0.9355100625197776,,0.43609765092423913
951100527,VISal,0.8720527731884271,,0.34173473940609256
951100604,VISal,0.9533790018990058,,0.015905086838756688
951100593,VISal,0.8506509232553063,,0.24141751363185904
951100631,VISal,0.9072623087633584,,0.3978855116165505
951100621,VISal,0.9391970875780056,,0.08087068094187089
951100613,VISal,0.9749594776169175,,0.04063532877898979
951101812,VISal,0.904922243915031,,0.32320335491840524
951100655,VISal,0.8909959531335658,,0.05593183386531564
951100643,VISal,0.9726338671472315,,0.02706222812366832
951102168,VISal,0.5843711951436559,,0.19521004563466704
951100706,VISal,0.8929006477378637,,0.06875259952971646
951100691,VISal,0.9698615003673378,,0.036639892563698595
951101993,VISal,0.47734044222027805,,0.6060514578164202
951101824,VISal,0.7763716362763248,,0.5685208151821826
951100741,VISal,0.6367462941075034,,0.2797978070479985
951100789,VISal,0.7956719918010192,,0.6385472291231054
951100777,VISal,0.9132659014538828,,0.30821850085862934
951101837,VISal,0.5963642985697413,,0.37443647273084935
951100813,VISal,0.8062233560391039,,0.40087229320465667
951100865,VISal,0.4482533412327384,,0.2969029733685602
951100838,VISal,0.9360627799422885,,0.3045588005834361
951100766,VISal,0.9291837537194677,,0.3066288067593632
951100877,VISal,0.7631688353366992,,0.4944194157978927
951101864,VISal,0.5875718846334992,,0.6817764348643323
951101851,VISal,0.8327535610863955,,0.40458306994787563
951100902,VISal,0.44197912538965023,,0.3046514780135112
951102005,VISal,0.7952017786413218,,0.5859811889379216
951100969,VISal,0.942452810748944,,0.242184035295395
951101877,VISal,0.7650515526149503,,0.6564887507238382
951101042,VISal,0.9110703768899896,,0.2625286455058813
951102016,VISal,0.6652898158885794,,0.5252052493369774
951101889,VISal,0.797362639323295,,0.43384233524193405
951101004,VISal,0.7243886406383149,,0.6053727161233837
951101097,VISal,0.8798048970637643,,0.25869846563864485
951101055,VISal,0.8796015658290842,,0.1142208374949405
951101166,VISal,0.6603842137311688,,0.9927266264801347
951101152,VISal,0.8694219415529021,,0.07236775743240287
951101927,VISal,0.7571123637116073,,0.6399262740110316
951101914,VISal,0.9061630456512338,,0.5359989614250935
951101139,VISal,0.820743301411301,,0.5971972142147024
951101938,VISal,0.0,,0.8276501022091907
951102400,MB,0.9799744550914482,,0.08279753197075479
951102416,MB,0.9853503839231086,,0.030650303137917945
951102456,MB,0.9903101176552366,,0.09450282039347258
951102470,MB,0.9741426063627259,,0.013958726708551694
951102493,MB,0.9818693393092043,,0.026510097515711095
951105965,MB,0.8588344342798793,,0.8118989743036309
951102522,MB,0.75,,0.4440995637305605
951102512,MB,0.9899624343036729,,0.00895579010466463
951102551,MB,0.9289837099644555,,0.47715201595292456
951102562,MB,0.9158649641420326,,0.118863360951309
951102610,MB,0.912033824593969,,0.20237374888074555
951102599,MB,0.8118219145909051,,0.7618564746117045
951102588,MB,0.8046993059123673,,0.6390540726815743
951102648,MB,0.9871990180355353,,0.1597994392734563
951102688,APN,0.9665056218354642,,0.053640378536556454
951102675,APN,0.9825478327010656,,0.011474887840904557
951105976,APN,0.9543298404035964,,0.45119168115979846
951102699,APN,0.9415017163316147,,0.4501607783233794
951102726,APN,0.9661902981784928,,0.3698408980626482
951102779,APN,0.9742426414303238,,0.4433121032343479
951105987,APN,0.9607825850199008,,0.6690287593896755
951102752,APN,0.9496707515948907,,0.7702420478644854
951102740,APN,0.9516446558428774,,0.4884735422369886
951102817,APN,0.9855475831966058,,0.19336011755763138
951102856,APN,0.9636575234118413,,0.2239436577365268
951102844,APN,0.9831052209799638,,0.015331869162992007
951102917,APN,0.9813822327708233,,0.15005837051467097
951102971,APN,0.9862998957508646,,0.017445546315229876
951103020,APN,0.9910356212145554,,0.009954674491837068
951103058,APN,0.9851299255173451,,0.10855104170241248
951103142,APN,0.9802906735228623,,0.018411529332752252
951103129,APN,0.9847416748333158,,0.013777838662235808
951103113,APN,0.9627924414152584,,0.06031157774305029
951103235,APN,0.9368923347351694,,0.36609122753930023
951103212,APN,0.9459428211632134,,0.21514435093695283
951103199,APN,0.9901899872498122,,0.054414485579854954
951103261,APN,0.9512242647407654,,0.21718868067273434
951103248,APN,0.9256543832132603,,0.08806982481542036
951103310,MB,0.9491179787633437,,0.011499455916009538
951103334,MB,0.9586693113020283,,0.08513194688976
951103397,DG,0.9424052014090484,,0.1669118392596829
951106552,DG,0.8478260869565217,,1.034667682608415
951105998,DG,0.8828663174540438,,0.8087428437775088
951103450,DG,0.9364169347772905,,1.0141716649131922
951103502,DG,0.9746233977560878,,0.36760884940485994
951103535,DG,0.992132805815489,,0.08662572022944914
951103524,DG,0.967138758462743,,0.8043045887316111
951106467,DG,0.8272130210211209,,0.9692847575397536
951106009,DG,0.9305746076776303,,0.6511010265512596
951103622,DG,0.903225806451613,,0.752766187519228
951103557,DG,0.7967210929545646,,0.8245441658518757
951106563,DG,0.7979694910895578,,0.885770090410233
951106456,DG,0.9230769230769231,,0.8591676733985878
951103613,DG,0.9860919788020139,,0.10584404902897404
951103595,DG,0.9656191371811236,,0.2517442105986447
951103587,DG,0.9658210803320164,,0.24814710166128862
951106020,DG,0.9463978344769511,,0.5762646853609112
951103640,DG,0.9516313078184968,,0.2539005556491247
951103631,DG,0.9420689282828741,,0.7887797055243482
951106033,DG,0.8746205255552388,,0.7918538395833821
951103688,DG,0.9582368578131585,,0.9477226942481138
951106574,DG,0.8343653350000155,,1.1671700750557648
951106492,DG,0.5482460485473744,,1.1784936271947117
951106475,DG,0.748961727955844,,0.8055998388122134
951103738,DG,0.9577473768773712,,0.06445927661752648
951103716,DG,0.9521059095244003,,0.12855981084067025
951103826,DG,0.9742265189499004,,0.2571803496894063
951103974,CA1,0.9829688190244124,,0.20671796662691122
951104009,CA1,0.9744550416614587,,0.4859787099201185
951104114,CA1,0.9886424208019926,,0.1386870588517013
951104103,CA1,0.9752784391170072,,0.14152136659549797
951104163,CA1,0.9871879327861245,,0.0749773121663111
951104142,CA1,0.9015852548547472,,0.4170981265106093
951104226,CA1,0.9702753249731793,,0.32950690463576393
951104217,CA1,0.9642770827983063,,0.4216577797660648
951104207,CA1,0.9846831374346813,,0.07533202356739821
951104134,CA1,0.976527275697092,,0.09268386420990282
951104196,CA1,0.9910476335989716,,0.1117606671887188
951104184,CA1,0.9885401137491746,,0.3745762487706088
951104309,CA1,0.9442153483980442,,0.7249797133531501
951106064,CA1,0.9690739909120096,,0.26418984745373564
951104173,CA1,0.9783844585736842,,0.872457698486869
951104389,CA1,0.9963302278624656,,0.02300610981137652
951104378,CA1,0.9875224521532758,,0.4472990723706971
951104281,CA1,0.9566013407607907,,0.13787167187183513
951104319,CA1,0.9305972867298007,,0.6717261425292236
951104301,CA1,0.9829666938988818,,0.33158061999392885
951104436,CA1,0.9400342548140368,,0.2860308713343329
951104539,VISrl,0.9813378996497665,,0.03201170668330633
951104529,VISrl,0.9728164026757616,,0.07701419118893682
951104611,VISrl,0.981616273601546,,0.0514342112110171
951104686,VISrl,0.9857269784376588,,0.12082967599417316
951104757,VISrl,0.8866668865220882,,0.13027276542925392
951104745,VISrl,0.4468039736762296,,0.12497523387355614
951104809,VISrl,0.9311464333299188,,0.5717520161597349
951104801,VISrl,0.975385379599533,,0.15131040819233021
951104792,VISrl,0.9045563360793484,,0.32765889253300884
951104779,VISrl,0.7949787565315053,,0.2659148106417888
951106438,VISrl,0.8402608951050087,,0.6904863888219097
951104834,VISrl,0.8713350851553889,,0.5150787335805944
951104819,VISrl,0.828856594977851,,0.12027952612379522
951106406,VISrl,0.7810190357088236,,0.8721908428428833
951106076,VISrl,0.8135640765118313,,0.8216727601079583
951104861,VISrl,0.9229694386138744,,0.538565881518025
951104868,VISrl,0.8035814496704035,,0.6034870890921411
951104926,VISrl,0.9427480117419715,,0.03509694614467662
951104916,VISrl,0.7527500362353542,,0.4298090124907503
951106513,VISrl,0.7310041856047742,,0.7444101712969768
951106100,VISrl,0.5959389821791157,,0.887088971034018
951106087,VISrl,0.882148869802242,,0.8909171136820078
951104888,VISrl,0.7821691431816671,,0.7229387484039762
951104877,VISrl,0.9437385475346229,,0.5670882073336543
951106113,VISrl,0.5851942524098661,,0.5066033738712576
951104974,VISrl,0.8331652909684252,,0.6153374841705954
951104965,VISrl,0.88493593227637,,0.4334627416692456
951104954,VISrl,0.972726843707219,,0.05102950072114254
951104945,VISrl,0.9588872313347134,,0.5863034018541384
951104935,VISrl,0.7906246993341248,,0.4691550892439409
951105020,VISrl,0.7732515593460304,,0.14654950660428767
951104992,VISrl,0.8517506357390295,,0.4722540960317474
951106125,VISrl,0.8777491704197649,,0.6160707000342427
951105085,VISrl,0.9894687959160852,,0.09343162161530927
951105076,VISrl,0.9424454984893376,,0.576554357182431
951105053,VISrl,0.8964047408594771,,0.5874119834707017
951105098,VISrl,0.8399068496678823,,0.04447985956630873
951105140,VISrl,0.922958180552579,,0.11221024129372381
951105065,VISrl,0.9364772215898138,,0.06504316317432313
951105130,VISrl,0.967770123852584,,0.027211526866949498
951105120,VISrl,0.8385878043023125,,0.14586247301849653
951105185,VISrl,0.7967420104016596,,0.3534590859317177
951105166,VISrl,0.9473029410540301,,0.052964130726195435
951105157,VISrl,0.9809212533089622,,0.07053805364830623
951106156,VISrl,0.9330314198657591,,0.08394517929809808
951105205,VISrl,0.8743487530483167,,0.1647063333987262
951105194,VISrl,0.5862514514956623,,0.15746118003926313
951106147,VISrl,0.9840548816798442,,0.4804879175039787
951105277,VISrl,0.828011844111687,,0.5366075263264065
951105268,VISrl,0.9833060238882574,,0.11312318991690518
951105261,VISrl,0.8766007547021236,,0.4706983344235596
951105252,VISrl,0.7848129324967833,,0.11618330900091678
951105241,VISrl,0.940781157178243,,0.14238974452246111
951105228,VISrl,0.7663345152463765,,0.08905446622088675
951106170,VISrl,0.6009975751386936,,0.2787202836634606
951105317,VISrl,0.8872373559887322,,0.08876916510530464
951105309,VISrl,0.87673177244993,,0.18018656669869415
951105302,VISrl,0.8391722531146075,,0.06257337031775023
951105294,VISrl,0.4891820961724397,,0.2581697038706352
951106191,VISrl,0.689809599422697,,0.3337954359747073
951106179,VISrl,0.7939626462450091,,0.35580308760927437
951105378,VISrl,0.9496864635553768,,0.2500437661749402
951105368,VISrl,0.918352416049766,,0.3410552044488213
951105337,VISrl,0.9569630572764756,,0.2873777385775611
951105404,VISrl,0.7838406634838643,,0.2443035387650525
951106222,VISrl,0.7450177598697845,,0.3565903916226034
951105474,VISrl,0.9704970265198067,,0.293624387707041
951105455,VISrl,0.8903677475866214,,0.9044643979186731
951105446,VISrl,0.9633653884298974,,0.29912803770389473
951105436,VISrl,0.8099796180954764,,0.4996670050877583
951105427,VISrl,0.8290729705906171,,0.44840699365522596
951105417,VISrl,0.9731362963217592,,0.027031440597056644
951105517,VISrl,0.7200046818511581,,0.5931378357872745
951106232,VISrl,0.7436270290349922,,0.2373425678511012
951105493,VISrl,0.8170897977478633,,0.5849109119262721
951105484,VISrl,0.9409353909757479,,0.30572844430435
951106275,VISrl,0.8030130847375367,,0.7718217548040229
951106267,VISrl,0.9260540298109985,,0.14115719667870508
951106256,VISrl,0.8955851715982139,,0.8394751129008
951106243,VISrl,0.9271310287558684,,0.16975322177040653
951105561,VISrl,0.8755917712511285,,0.5851636521983892
951105551,VISrl,0.8382536060124055,,1.0170151781094319
951105540,VISrl,0.8539977803564478,,0.6466816612028197
951106522,VISrl,0.943385265168007,,0.38666238058840463
951105530,VISrl,0.7496249763502159,,0.9052199028342329
951106542,VISrl,0.6496570452393637,,0.8476103868529208
951106531,VISrl,0.7304755296432512,,0.5694791722755781
951105572,VISrl,0.842273515253195,,0.9425955388080638
951106295,VISrl,0.7885035468139667,,0.8160980455927529
951105613,VISrl,0.709236510218503,,0.45265725029730675
951106287,VISrl,0.8071816217271249,,0.7173601509698528
951105605,VISrl,0.9302927548795917,,0.7984598818525228
951105595,VISrl,0.9410425080785381,,0.2269199210043098
951106417,VISrl,0.8843427205524967,,0.9767703519285078
951106306,VISrl,0.5257323045591493,,0.6711853774877454
951105651,VISrl,0.5884662832768135,,0.6196919952380995
951105640,VISrl,0.9019557651608183,,0.5787082420674778
951105716,VISrl,0.9755183484219779,,0.31490788827750293
951105705,VISrl,0.7048936186949096,,0.7244913822851231
951105696,VISrl,0.8365305700704797,,0.9138152791665561
951105666,VISrl,0.7553628888204186,,0.6455878952619969
951105760,VISrl,0.949500088829733,,0.08091452727217074
951105754,VISrl,0.6774621415949023,,0.5533531203527673
951106316,VISrl,0.862179457990579,,0.7246720393068244
951105744,VISrl,0.9305233565174807,,0.6607357366774522
951105734,VISrl,0.7877196805453276,,0.6917744290640258
951106427,VISrl,0.6717215673032657,,1.0161808694265346
951106350,VISrl,0.38873739251558836,,0.8672137139956249
951106341,VISrl,0.6802692581148253,,0.6266829519149724
951106335,VISrl,0.9301454037758944,,0.7363213913934032
951105785,VISrl,0.7692029377339968,,0.32850708032015064
951105779,VISrl,0.8893386763843134,,0.7082737794253262
951106447,VISrl,0.7722227821458649,,1.0052507650393636
951106326,VISrl,0.7741381201429619,,0.9616838889078281
951105767,VISrl,0.9668916389207055,,0.07007970794506946
951106361,VISrl,0.542558934525623,,0.8555332672694931
951105810,VISrl,0.7756297246409508,,0.792476021283619
951105773,VISrl,0.9649441678076653,,0.7196407486776479
951105851,VISrl,0.8442254039081458,,0.32182419732635026
951105843,VISrl,0.8484183673707238,,0.7028398351978922
951105795,VISrl,0.9256536793491787,,0.5716958648008585
951105869,VISrl,0.9085189804856955,,0.29978078360773
951105886,VISrl,0.8933524486530169,,0.4813948774049095
951106384,VISrl,0.7967210929545645,,0.7054101170356262
951106373,VISrl,0.823943661971831,,0.7749478286150406
951105892,VISrl,0.9666666666666667,,0.8103041357644543
951105928,VISrl,0.9491199411182787,,0.40440306081472954
951105898,VISrl,0.9333333333333333,,0.601369595302458
